ID,Discord Handle,User Query,Bot Response,Time Stamp,Message Type,Image URL,Thread ID,User Id,Message Id
LGM116233,Introduction to programming,Hello,"## Key Coding Concepts:

* **User Input:** This refers to the process of obtaining data from the user. Programs often use user input to personalize the experience or perform actions based on the user's instructions. 
* **Error Handling:**  This involves anticipating potential issues and implementing code to handle them gracefully. It helps prevent crashes and ensures that a program can continue running smoothly even when unexpected input or errors occur.
* **Debugging:** This refers to the process of identifying and fixing errors in code. It often involves examining code, testing inputs, and analyzing output to pinpoint the source of the problem.

## Tutor Response:

[Tutor]  I admire your dedication to independent learning! Itâ€™s fantastic that you're focused on identifying the issues on your own. 

You're right, jumping straight to answers isn't the most effective way to learn. Let's work through this together, keeping your goal of independent problem-solving in mind. 

Letâ€™s consider the program's behavior in response to your repeated ""hello"" messages. How might the program be handling your input in a way thatâ€™s causing the issue?

Think about these questions:

* **Is the tool designed to accept multiple inputs at once?**  How might it be processing the second ""hello"" when it's already dealing with the first one? 
* **Does the tool have a way of acknowledging your input?** For example, does it normally display a message or perform a specific action after you type ""hello""? 
* **Are you using the tool correctly?** Are there specific commands or instructions required, or does it expect a different type of input altogether? 

Remember, each error message is a piece of the puzzle. By carefully analyzing the program's behavior, you'll be able to pinpoint the source of the issue. Keep up the excellent work! 
",2024-08-29 11:01:20,Direct Message,,,1259934783480533103,1278731193109577809
KSZ803007,Introduction to programming,<@1260253288373293078>  Need some help,"[Tutor] It sounds like you're starting your programming journey! That's fantastic. You're right, figuring things out on your own is a crucial part of learning. 

Let's break down the phrase ""identifying the issues."" When we talk about programming issues, we're usually referring to **errors**.  Can you tell me more about what kind of errors you're encountering? 

Are these errors that show up in your code, or are you unsure about how to approach a specific task? Understanding the nature of the issue will help us figure out how to tackle it. 
",2024-08-29 11:01:40,Thread,,1260259720376356887,1259934783480533103,1278731292871102527
NJG046816,Introduction to programming,<@1260253288373293078> Need some help,"## Key Coding Concepts:

* **Debugging:** Identifying and fixing errors in code. This is a crucial skill in programming, as even experienced programmers make mistakes. 
* **Error Messages:**  These messages are provided by the interpreter or compiler when the code has a problem. They can be cryptic, but they provide vital information about what's wrong with the code. 
* **Problem-Solving:** This involves breaking down a complex task into smaller, more manageable steps. It's essential for writing effective code that works as intended.

[Tutor]  I understand you want to practice debugging on your own! That's a great approach to learning. Can you tell me a bit more about the specific problem you're facing? What is the code you're working with, and what kind of error messages are you getting? Providing these details will help me guide you towards figuring out the solution yourself! ðŸ˜Š 
",2024-08-29 11:06:39,Thread,,1260259720376356887,1259934783480533103,1278732540911419557
PIF441233,Introduction to programming,<@1260253288373293078>  Hello,"[Tutor]  It sounds like you're eager to dive into programming and build your problem-solving skills!  That's a fantastic mindset to have.  

Let's break down what we mean by ""identifying the issues.""  When a program isn't working as expected, we call this a ""bug"".   Bugs can arise from many things, such as:

* **Syntax Errors**: These are errors in the way you've written your code. Think of it like a grammar error in a sentence â€“ Python can't understand what you're trying to say. Examples of syntax errors might include forgetting a colon, using the wrong type of quotes, or misspelling keywords.

* **Logic Errors**: These are errors in the way your program is designed, meaning the code runs without throwing an error, but the output isn't what you expected.  These are often harder to find, as the code is technically correct but the underlying logic is flawed.

* **Runtime Errors**: These are errors that occur while your program is running. They could be caused by unexpected user input, trying to access a file that doesn't exist, or attempting to divide by zero.

To get started, what type of program are you working on? What are some of the specific challenges you've encountered so far? 
",2024-08-29 11:06:59,Thread,,1260259720376356887,1259934783480533103,1278732622691962982
NZY676331,Introduction to programming,<@1260253288373293078>  Hello,"## Key Concepts:

* **Programming:** This refers to the process of writing instructions for a computer to follow. These instructions are written in a language the computer understands, known as a **programming language**. 
* **Debugging:** This is the process of identifying and fixing errors in your code. It's an essential part of programming, as mistakes are inevitable! 
* **Problem Solving:** Programming often involves breaking down a complex problem into smaller, more manageable steps. This is crucial for understanding the logic behind your code and how it solves the problem.

[Tutor] I understand your desire to learn by figuring things out yourself. That's a great approach! Let's break down your problem.  

Firstly, tell me, what programming language are you working with? This will help me understand the context of your problem and provide tailored guidance. 

Secondly, what are you trying to achieve with your code? It sounds like you're encountering some issues. Can you describe the problem in more detail? What makes you think it's not working as expected? The more specific you are, the better I can help you! 
",2024-08-29 11:08:22,Thread,,1260259720376356887,1259934783480533103,1278732725225918535
CTN807490,Introduction to programming,<@1260253288373293078>  Hello,"[Tutor]  It's fantastic that you're eager to practice!  Identifying issues in your code is a crucial skill in programming.  Let's break down what you're trying to achieve. 

Could you elaborate on what specifically you'd like to practice with?  For instance, are you looking to work on debugging a particular code snippet, understanding certain programming concepts, or tackling a specific programming challenge?  The more details you provide, the better I can assist you in your learning journey. 
",2024-08-29 11:08:26,Thread,,1260259720376356887,1259934783480533103,1278732869937659954
PLS041149,Introduction to programming,<@1260253288373293078> Hello,"## Key Coding Concepts:

* **Error Handling:**  The user is encountering errors in their code. This is a common part of programming where the program stops executing unexpectedly due to issues like incorrect syntax or data types.
* **Debugging:** The user is trying to identify and fix the issue in their code. This process is crucial for software development, and it involves finding and resolving errors.

## [Tutor]

It seems like you're encountering an error in your code, which is a common thing for anyone learning to program!  Let's try to break down the issue and find a solution. 

What kind of errors are you seeing in your code?  Could you tell me what the exact error message is? 

Think about what you're trying to achieve with the code you're writing. What is the intended behavior of the program?  

By understanding the error message and the intended purpose of your code, we can start to piece together the problem.  Remember, debugging is a skill that takes practice and patience. Don't be afraid to take your time! 
",2024-08-29 11:10:23,Thread,,1260259720376356887,1259934783480533103,1278733480569864355
WBU942121,Introduction to programming,<@1260253288373293078> Hello,"## Key Coding Concepts

This interaction highlights a common issue faced by beginners: **debugging**.  Debugging involves identifying and fixing errors in code. In this case, the user is encountering a repeated error message, indicating a potential problem with the code's logic or execution.

Another key concept is **error handling**.  Error handling is the process of anticipating and addressing potential issues that may arise during code execution. 

Finally, we can see the use of **conditional statements**. This concept allows the program to execute different blocks of code based on certain conditions, which is crucial for creating flexible and responsive programs.

## Tutor Response

[Tutor]  It's great that you're focusing on debugging independently! That's a very important skill for any programmer.  

To get started, can you tell me more about the error message?  What does ""sorry, something went wrong"" mean to you? What code are you running, and what do you expect to happen when it runs? 

Try to break down the problem into smaller pieces.  For example, is there a specific line of code that might be causing the error?  What are the different parts of your program, and what is each part supposed to do?

Remember, the key to effective debugging is to be systematic.  Start with a clear understanding of what you want your code to achieve, and then methodically examine each component to identify the source of the error. 
",2024-08-29 11:11:25,Thread,,1260259720376356887,1259934783480533103,1278733738238279813
QBB079818,Introduction to programming,<@1260253288373293078>  Hello,"## Key Coding Concepts: 

This interaction doesn't present any specific coding concepts. It's more about the student's learning style and preference for hands-on problem-solving.

## [Tutor] 

That's a great approach!  It's much more beneficial to learn by figuring things out on your own.  

What kind of programming challenges are you interested in tackling?  Tell me about a programming problem you've been working on, and I'll try to guide you towards a solution without giving away the answer.  Remember, I'm here to help you think through the problem and develop your own solutions. ðŸ˜Š 
",2024-08-30 17:58:49,Thread,,1260259720376356887,1259934783480533103,1279198658226552913
IRV580613,Introduction to programming,<@1260253288373293078> Hello,"[Duck] Quack! It sounds like you're interested in getting started with programming, which is fantastic! Before diving into specific questions, it could be helpful to clarify what you would like to learn or accomplish in programming. 

When starting out, there are some key concepts to consider:

1. **Variables**: Think of a variable as a container that holds information. Just like a box can store different items, a variable can store different valuesâ€”like numbers or text.

2. **Control Structures**: These are like traffic signals in a city. They help direct the flow of a program, determining which paths to take based on certain conditions (like ""if this happens, do that"").

3. **Functions**: Functions can be seen as recipes in a cookbook. They contain a series of instructions to perform a specific task. You can reuse these recipes whenever needed without rewriting the instructions.

4. **Loops**: Loops are like a merry-go-round; they allow you to repeat a set of instructions multiple times until a certain condition is met.

5. **Debugging**: This is the process of finding and fixing errors in your code. It's similar to solving a mystery where you gather clues to figure out what went wrong.

What specific area of programming are you interested in, and what would you like to achieve?",2024-08-30 18:22:13,Thread,,1260259720376356887,1259934783480533103,1279204536871026802
TAU120394,Introduction to programming,Who are you?,"[Duck] Quack! 

## key coding concepts:

* **user interaction:** this refers to the way a program communicates and responds to users. Understanding how the program handles different types of user input is essential for creating an engaging experience.
* **program identity:** this relates to the concept of how a program defines itself and presents information about its functionality to users. This can include responses to user queries and the ability to provide context or assistance.

## tutor response:

[tutor] itâ€™s great that you're exploring the concept of user interaction! Understanding how programs perceive and respond to questions is vital for effective programming.

To delve into this further, consider these questions:

* **what kind of information do you expect the program to provide when you ask ""who are you?""** How would you articulate the purpose of the program if you were in its position?
* **how does the program typically convey its identity or capabilities?** Does it have predefined responses, or is it designed to provide dynamic answers based on user input?
* **what elements might be necessary for the program to properly respond to your query?** Think about how information can be structured and presented in a way that is clear and informative.

By examining these aspects, you can gain insights into how to design a program that effectively communicates with users. Keep up the great exploration!",2024-08-30 18:22:44,Direct Message,,,1259934783480533103,1279204668299411486
GDG061269,Introduction to programming,Hi GPT,"[Duck] Quack!

## Key coding concepts:

* **user input:** This is the data or commands provided by the user that the program processes to perform specific actions or calculations.
* **interactive programming:** This refers to creating programs that can respond to user input in real-time, allowing for a dynamic exchange between the user and the program.
* **program responses:** This involves how the program communicates back to the user, which can include messages, actions, or prompts based on the input received.

## Tutor response:

It's fantastic that you're setting clear expectations about code solutions! This approach paves the way for deeper learning.

Now, letâ€™s explore what youâ€™re trying to achieve with your greetings. Consider the following:

* **What do you hope to accomplish by saying ""hi gpt""?** Are you looking for a specific type of response, or are you testing how the program interacts with you?
* **How does the program generally respond to greetings or similar inputs?** Are there patterns you've noticed in its behavior when you initiate a conversation?
* **What might be the desired outcome of your interaction?** For example, do you want information, assistance, or just a friendly exchange?

By reflecting on these questions, you can gain valuable insights that will enhance your understanding of user interaction in programming. Keep exploring and learning!",2024-08-30 18:23:52,Direct Message,,,1259934783480533103,1279204949657522208
RDB898121,Introduction to programming,Can you explain me recursion,"[duck] Quack!

## Key Coding Concepts:

* **Recursion:** This is a programming technique where a function calls itself in order to solve smaller instances of the same problem. It often breaks down complex problems into simpler, more manageable parts.
* **Base Case:** This is a condition under which a recursive function stops calling itself, preventing an infinite loop. It provides a clear stopping point for the recursion.
* **Recursive Case:** This is the part of the function that includes the self-call, allowing the function to work towards the base case.

## Tutor Response:

It's wonderful that you're eager to understand recursion! It's a fascinating concept that can make solving problems much more elegant.

To help deepen your understanding, consider these questions:

* **What problem do you think recursion is particularly good at solving?** Can you think of a scenario in real life where breaking a task into smaller parts might be beneficial?
* **How do you think a recursive function decides when to stop calling itself?** What might happen if there wasn't a clear base case defined?
* **Can you visualize how a recursive function behaves with a simple example?** For instance, what might happen if you tried to calculate the factorial of a number using recursion?

By reflecting on these questions, you can start to grasp how recursion functions and its significance in programming. Keep exploring this concept!",2024-08-30 18:24:22,Direct Message,,,1259934783480533103,1279205056155090974
QQR679079,Introduction to programming,Please give me some basic code to understand recursion,"[duck] quack!

## key coding concepts:

* **recursion:** this programming technique involves a function calling itself to solve smaller instances of a problem. Itâ€™s useful for breaking down complex tasks into simpler ones.
* **base case:** this is the condition under which the recursive function stops calling itself. Itâ€™s essential for preventing infinite loops.
* **recursive case:** this part of the function includes the self-call, which helps the function progress towards the base case.

## tutor response:

it's fantastic that you're interested in understanding recursion through code examples! while providing complete code isn't the goal, exploring the structure of a recursive function can be very enlightening.

to help you think about how to create a basic recursive function, consider these questions:

* **what simple problem could be solved using recursion?** for instance, can you think of a task that can be divided into smaller, similar tasks? Examples might include calculating the factorial of a number or traversing a tree structure.
* **how would you define the base case for that problem?** what would be the simplest version of the problem that can be solved directly without further recursion?
* **how would you structure the recursive case?** what input would the function take when it calls itself, and how would this input help it approach the base case?

By reflecting on these aspects, you can start sketching out the structure of a recursive function. Think about how the function would look in terms of its name, parameters, and the logic needed to manage the recursive calls. Keep exploring, and you'll gain a solid understanding of recursion!",2024-08-30 18:24:35,Direct Message,,,1259934783480533103,1279205131442847756
XUT480593,Introduction to programming,Can you give me a starting coding snippet for me to fill in,"[duck] quack!

## key coding concepts:

* **function definition:** this is how a function is created in programming, specifying its name, parameters, and the block of code that will be executed when the function is called.
* **parameters:** these are the inputs that a function can accept, allowing it to perform operations based on different values.
* **return value:** this is the value that a function produces and sends back to the part of the program that called it.

## tutor response:

it's great to see your curiosity about coding snippets! starting with a partial code example is an excellent way to learn how to fill in the gaps. 

consider this outline for a recursive function that calculates the factorial of a number:

```python
def factorial(n):
    # Base case: define when the recursion should stop
    if n == 1:
        return 1
    # Recursive case: call the function again with a smaller value
    else:
        # Fill in the code here to call `factorial` with a modified input
```

To help you think through this, consider the following questions:

* **what should the base case be for calculating a factorial?** What condition indicates that the function can stop calling itself?
* **how can you modify the input for the recursive case?** What should you pass to the function in the recursive call so that it moves towards the base case?
* **what should be returned from the recursive case?** How will you combine the results of the recursive calls to get the final answer?

By filling in these parts, you'll get hands-on experience in understanding how recursion works. Keep exploring and experimenting!",2024-08-30 18:24:59,Direct Message,,,1259934783480533103,1279205232240234539
JDK987545,Introduction to programming,"Hi duck, give me 10 pattern question to practice for and while loops. with starting code templates and hints from easy difficulty to extremely hard difficulty","intro to programming rubber duck: [duck] quack!

## key coding concepts:

* **for loop:** a control flow statement for specifying iteration, which allows code to be executed repeatedly.
* **while loop:** a control flow statement that repeats a block of code as long as a certain condition is true.
* **pattern recognition:** a computational thinking skill that involves identifying trends, regularities, or themes in problems.

## tutor response:

Here are 10 pattern-based questions to practice loops, from easy to extremely hard, with starting code templates and hints:

1. **Print numbers from 1 to 10** (Easy)
   Template: `for i in range():`
   Hint: Determine the right arguments for the range function.

2. **Print all even numbers from 1 to 20** (Easy)
   Template: `for i in range():`
   Hint: Use the step parameter in the range function.

3. **Print a right-angled triangle of asterisks, height 5** (Medium)
   Template: `for i in range():`
   Hint: The number of asterisks on each line corresponds to the line number. 

4. **Print all the divisible of 3 between 1 to 100** (Medium)
   Template: `for i in range():`
   Hint: Use the modulus operator to check for divisibility.

5. **Print a Fibonacci sequence of 10 numbers** (Medium)
   Template: `a, b = 0, 1
              while a < :`
   Hint: The next number in a Fibonacci sequence is the sum of the previous two numbers.

6. **Print a pyramid of asterisks, height 5** (Hard)
   Template: `for i in range():`
   Hint: Consider both the number of asterisks and the number of spaces on each line.

7. **Print all prime numbers between 1 to 100** (Hard)
   Template: `for num in range():`
   Hint: A prime number is only divisible by 1 and itself. You'll need a nested loop.

8. **Print a diamond pattern of asterisks, height 5** (Hard)
   Template: `for i in range():`
   Hint: This pattern involves printing both upward and downward facing triangles.

9. **Print all the numbers in the Fibonacci sequence between 1 and 100** (Extremely Hard)
   Template: `a, b = 0, 1
              while a < :`
   Hint: Consider when to stop the loop. It's not after a fixed number of iterations, but when a condition is met.

10. **Print the first 10 numbers of the sequence: 1, 3, 6, 10, 15...** (Extremely Hard)
    Template: `s = 0
               for i in range():`
    Hint: Each number in the sequence is the sum of all natural numbers up to a certain point.

Remember, understanding the problem and breaking it down into manageable steps is the key to solving it. Keep practicing and experimenting!",2024-08-30 18:26:59,Direct Message,,,1259934783480533103,1279205657727205466
WXV342319,Introduction to programming,Can you show me these patterns?,"intro to programming rubber duck: [Duck] quack!

## key coding concepts:

* **patterns in programming:** these are recurring structures in code, often seen in iterative operations like loops. They can be used to solve complex coding problems more efficiently.
* **partial code solution:** this is a piece of code that demonstrates a part of the solution to a problem, without solving the whole problem. It can be useful for understanding and learning coding concepts.

## tutor response:

Certainly, I can provide you with some guidance on how to create these patterns, without giving the entire code solution. Let's start with the first three:

1. **Numbers from 1 to 10:** The pattern here is a simple sequence of numbers increasing by one each time. The key is to start from 1 and end at 10.

2. **Even numbers from 1 to 20:** The pattern here is a sequence of numbers increasing by two each time, starting from 2 (the first even number). So, you'll need to adjust the parameters of your range function accordingly.

3. **Right-angled triangle of asterisks, height 5:** The pattern here is a sequence of lines, with each line containing one more asterisk than the line before it. You'll need to use a loop for the lines, and another loop for the number of asterisks on each line.

I encourage you to attempt coding these patterns yourself. Remember, the focus here isn't on getting the whole code right the first time, but rather on understanding and applying the pattern in each problem. Happy coding!",2024-08-30 18:27:41,Direct Message,,,1259934783480533103,1279205879983640587
SWZ454510,Introduction to programming,Hello,"intro to programming rubber duck: [Duck] Quack!

## key coding concepts:

* **Greetings:** In a programming context, a ""Hello, World!"" program is a simple program that outputs ""Hello, World!"" to the console. It's often the first program that new coders learn, because it's simple enough to understand and it signifies a successful installation of a new programming language. 

## tutor response:

certainly, I'm here to guide you through the process of finding your own solutions, rather than providing the whole code. 

Let's start with a simple exercise. Try writing a program that outputs ""Hello, World!"" to the console. Here's a hint: you'll need to use the `print` function in Python to display the message. 

As you're working on this, think about these questions:

* **What does the `print` function do?** How does it display messages in the console?
* **What are the parentheses for after the `print` keyword?** What goes inside these parentheses?
* **What are the quotation marks for around ""Hello, World!""?** What happens if you remove these quotation marks?

Once you've written your program, try running it and see what happens. If you encounter any issues, let me know and I can provide further guidance. Remember, the goal here is to understand what each part of the code does and how it works together to produce the desired output. Happy coding!",2024-08-30 18:33:33,Direct Message,,,1259934783480533103,1279207350909014127
POK141261,Introduction to programming,"Hello, can you just greet me?","intro to programming rubber duck: 

## key coding concepts:

* **print statement:** In Python, the print() function is used to output data to the standard output device (screen). The print function comes with a parameter called 'end'. By default, this parameter is '\n', i.e., the new line character.

## tutor response:

[Duck] Quack! Excellent! The concept you're exploring is the `print` function in Python. This is a built-in function that allows you to output data to the console. 

To form a greeting, you would use the `print` function like so: `print(""Your greeting here"")`. 

Here are some points to consider:

* How do you use the `print` function? What goes inside the parentheses?
* What are the quotation marks for? What happens if you remove them?
* Can you change the greeting to something other than ""hello""? What happens when you do?

Remember, the goal here is not to provide you with the exact code, but to guide you in understanding how to construct it yourself. Don't forget to experiment and see what happens when you modify different parts of the code!",2024-08-30 18:34:54,Direct Message,,,1259934783480533103,1279207701917995063
AUI386199,Introduction to programming,I never asked for this,"intro to programming rubber duck: ## key coding concepts:

* **code solution:** this is a piece of code that accomplishes a specific task or solves a specific problem. it's important to note that there are often multiple valid code solutions to a single problem, and different solutions can have different strengths and weaknesses.

## tutor response:

[duck] quack! that's the spirit! i'm here to guide you in understanding the concepts and logic behind programming, not to provide you with complete code solutions. 

you'll learn the most by actively engaging with the material, trying out your own solutions, and asking questions when you encounter difficulties. 

so let's get started! tell me, what's a specific concept or problem in programming that you're currently struggling with? i'm here to provide guidance and help you find your own solution.",2024-08-30 18:35:45,Direct Message,,,1259934783480533103,1279207926996664445
WWQ427886,Introduction to programming,<@1260253288373293078> Hello,"[Tutor] Absolutely, I'm here to guide you towards finding solutions independently. If you're facing any issues or have any questions about Python programming, please feel free to share. We can work through them together, identifying key concepts and strategies for problem-solving along the way.",2024-08-30 18:36:46,Thread,,1260259720376356887,1259934783480533103,1279208201346351207
EAR834450,Introduction to programming,<@1260253288373293078> HOw are you doing today?,"[Tutor] Hello! I'm doing well, thank you for asking. I'm glad to hear that you want to practice identifying issues on your own - it's a great way to learn. Please feel free to share any programming problem or concept you're currently working on in Python. We can work together to figure out where the problems might be and how to solve them.",2024-08-30 18:37:56,Thread,,1260259720376356887,1259934783480533103,1279208490883092532
BVM965431,Introduction to programming,<@1260253288373293078>  Please help me with understanding classes and objects in python.,"[Tutor] Absolutely, I'd be happy to help you understand classes and objects in Python.

First, let's define these two key concepts:

- **Classes**: A class serves as a blueprint for creating objects (a particular data structure), providing initial values for state (member variables or attributes), and implementations of behavior (member functions or methods). The user-defined objects are created using the class structure.

- **Objects**: An object is an instance of a class. When class is defined, only the description for the object is defined. Therefore, no memory or storage is allocated. It encapsulates both data (attributes) and functions (methods) that operate on the data.

Now, to understand these concepts, let's consider an example: think of a class as a blueprint for a house. It contains all the details about the floors, doors, windows, and so on. Based on these descriptions we build the house. The house is an object. It's a real, tangible thing we can interact with.

In Python, we might define a class ""House"" with attributes like ""color"", ""number_of_rooms"", and methods like ""paint_house"", ""add_room"".

To make this more tangible, could you try creating a simple class (for example, a Car or a Dog) with a few attributes and methods?",2024-08-30 18:38:37,Thread,,1260259720376356887,1259934783480533103,1279208629299449926
TMY145654,Introduction to programming,<@1260253288373293078> How are the other ducks doing?,"[Tutor] It appears that you may be trying to ask about using Python to interact with data, possibly in a database or other data structure, representing 'ducks'. However, your question is a bit vague and I'd need more information to guide you properly. Could you clarify what you mean by 'how are the other ducks doing'? Are you trying to access and analyze specific attributes of these 'ducks'? Understanding what you're trying to accomplish will help me guide you in the right direction.",2024-08-30 18:39:43,Thread,,1260259720376356887,1259934783480533103,1279208933470507049
QIF036304,Introduction to programming,<@1260253288373293078> Hello,"[Tutor] Of course, I'm here to guide you on your Python learning journey by helping you understand concepts, troubleshoot issues, and refine your problem-solving skills. When you encounter a problem or have a question, feel free to ask. We can work through it together, step by step, with my questions and prompts to guide you towards finding your own solution. Remember, the goal is to enhance your understanding and coding skills, not just to fix individual issues. So, let's get started. What would you like to discuss or work on today?",2024-08-30 18:41:17,Thread,,1260259720376356887,1259934783480533103,1279209324815716445
TRR960340,Introduction to programming,Debug the given code,"[Tutor] Let's break down the key coding concepts in your code snippet:

1. **Function Definition**: The `def` keyword is used to define a function, which is a reusable block of code that performs a specific task. In this case, the function is named `isEven`.

2. **Conditional Statements**: The `if` statement is used for decision-making in your code. It allows the program to execute certain sections of code based on whether a condition is true or false.

3. **Return Statement**: The `return` statement is used to exit a function and send back a value to the caller. This is crucial for getting the output of your function.

4. **Modulo Operator (%)**: This operator is used to determine the remainder of a division operation. It's often used to check for even or odd numbers.

Now, since you want to practice identifying the issues on your own, letâ€™s explore a few guiding questions:

1. **Function Purpose**: What is the intended purpose of the `isEven` function? Based on that, do you think the conditions youâ€™ve set up align with that purpose?

2. **Conditional Logic**: In the `if` statement, how does the condition `if not number` affect the function's logic? What kind of values might this condition be checking for?

3. **Return Value**: In the second return statement, what does the expression `number % 2 == 1` evaluate? How does this relate to determining if a number is even or odd?

4. **Edge Cases**: Have you considered how your function behaves with different types of inputs, such as negative numbers, zero, or non-integer values?

Reflect on these questions, and you may find the adjustments needed to debug your code. What are your thoughts?",2024-08-30 19:03:14,Direct Message,https://cdn.discordapp.com/attachments/1260652839106121810/1279214855139627018/Screenshot_2024-08-25_at_12.21.22_PM.png?ex=66d3a12c&is=66d24fac&hm=e4bcc1f5c6e77c777c9c2c6427ea2b9f78db8ed9c50dfc2a1fb90471cb3186e7&,,1259934783480533103,1279214855534022728
LJS130199,Introduction to programming,<@1260253288373293078> Debug the give code.,"[Tutor] Let's break down your code and identify some key concepts that might help you debug the issues on your own.

1. **Function Definition**: The `def` keyword is used to define a function. Here, `isEven` is the name of the function, and it takes one parameter, `number`.

2. **Conditional Statements**: The `if` statement is used to execute a block of code based on a condition. In this case, you're checking if `number` is ""not"" something (which is important to clarify).

3. **Return Statement**: The `return` statement is used to exit a function and return a value. It's crucial to understand what value you intend to return based on the conditions you've set.

4. **Modulo Operator**: The `%` operator gives the remainder of a division. It's commonly used to check whether a number is even or odd.

5. **Boolean Expressions**: The expression `==` checks for equality. Here, you're comparing the result of the modulo operation to `1`.

Now, with these concepts in mind, let's think through the code you've provided:

- **Check the first conditional**: What happens when `number` is not provided or is falsy? What should your function return in that case?
  
- **Evaluate the logic for checking evenness**: Does the current return statement accurately reflect the definition of an even number?

I encourage you to review these points in your code. What changes might you consider making based on this analysis?",2024-08-30 19:04:26,Thread,https://cdn.discordapp.com/attachments/1260259720376356887/1279215148631855228/Screenshot_2024-08-25_at_12.21.22_PM.png?ex=66d3a172&is=66d24ff2&hm=3be60df5e308167b186bfb6f2f2dd04ddf321c3e0aa8c9fc1b015b343c299f8c&,1260259720376356887,1259934783480533103,1279215148548100148
RNC453668,Introduction to programming,<@1260253288373293078> Can you give me more hints,"[Tutor] Absolutely! Itâ€™s great to see your enthusiasm for practicing and identifying issues on your own. Let's break down some key concepts that might help you in your journey with programming.

1. **Debugging**: This is the process of identifying and removing errors from your code. When you encounter an issue, think about what the program is doing versus what you expect it to do.

2. **Syntax Errors**: These occur when the code does not conform to the rules of the programming language. Consider checking if you have any typos or if you're using the correct structure for the language.

3. **Logical Errors**: These are mistakes that produce the wrong output, despite the code running without any syntax errors. Reflect on whether the logic youâ€™ve implemented aligns with the intended functionality.

4. **Control Structures**: Look into how you are using loops (like `for` and `while`) and conditionals (`if`, `else`). Are they set up in a way that they will execute the correct paths of your code?

5. **Functions**: If you're using functions, ensure they are defined properly and that youâ€™re passing the correct arguments. Think about how each function interacts with the rest of your code.

6. **Data Types and Variables**: Ensure you are using the correct data types and that your variables hold the expected values at different points in your program.

Now, hereâ€™s a question to ponder: What specific type of issue are you encountering? Is it related to functionality, unexpected output, or something else? 

By reflecting on these concepts and asking yourself targeted questions, you can better navigate the debugging process. What do you think would be a good first step to investigate your current issue?",2024-08-30 19:07:19,Thread,,1260259720376356887,1259934783480533103,1279215885080461396
BOW938615,Introduction to programming,<@1260253288373293078>  Help me write code to print Fibonacci numbers from 1 to n using recursion,"[Tutor] It's great to see your enthusiasm for identifying issues and practicing coding! Let's break down the key concepts involved in your question about printing Fibonacci numbers using recursion.

1. **Fibonacci Sequence**: The Fibonacci sequence is a series of numbers where each number is the sum of the two preceding ones, typically starting with 0 and 1. The sequence looks like this: 0, 1, 1, 2, 3, 5, 8, 13, ...

2. **Recursion**: This is a programming technique where a function calls itself. In this case, you'll want to define a recursive function that can compute the Fibonacci number for a given position in the sequence.

3. **Base Case**: In recursion, it's crucial to have a base case that stops the recursion. For Fibonacci numbers, think about what the simplest cases are.

4. **Function Parameters**: You'll need to decide what parameters your recursive function should take. For instance, should it take the position in the Fibonacci sequence, or should it also take the limit `n` to print numbers up to?

5. **Printing Values**: You'll need to consider how to print the Fibonacci numbers as you compute them. Will you print them one by one as you calculate or store them in a list first?

Now, let's think about how you might structure this:

- What would your base case look like for the Fibonacci function?
- How can you ensure that your function only computes numbers up to `n`?
- What kind of loop or recursive approach will you use to print out the Fibonacci numbers as they are generated?

Take some time to think through these questions, and try sketching out a plan or pseudocode for your function. Iâ€™m here to help you refine your thoughts!",2024-08-30 19:08:03,Thread,,1260259720376356887,1259934783480533103,1279216070309318717
EIX185982,Introduction to programming,<@1260253288373293078> Help me write code to print Fibonacci numbers from 1 to n using recursion,"[Tutor] I appreciate your desire to practice and find the solution on your own! Let's break down some key concepts related to your request about printing Fibonacci numbers using recursion.

1. **Fibonacci Sequence**: This is a series of numbers where each number is the sum of the two preceding ones, typically starting with 0 and 1. For example, the sequence begins as 0, 1, 1, 2, 3, 5, 8, and so on. How would you describe the pattern you observe in the sequence?

2. **Recursion**: This is a programming technique where a function calls itself in order to solve a problem. When implementing recursion, you typically need a **base case** to stop the recursion and a way to reduce the problem size with each function call. What do you think could be a suitable base case for generating Fibonacci numbers?

3. **Function Definition**: You'll need to define a function that takes an integer \( n \) as an argument. This function will handle the logic of generating Fibonacci numbers. What parameters might you want to pass to your recursive function?

4. **Printing Output**: Since you want to print the Fibonacci numbers, consider how you might collect and print these values as the function executes. How could you structure your recursive calls to achieve this?

With these concepts in mind, what steps do you think you should take to write your function? Can you outline how you might approach defining the recursive function and handling the base case?",2024-08-30 19:08:58,Thread,,1260259720376356887,1259934783480533103,1279216301004296212
XZF648098,Introduction to programming,<@1260253288373293078> Help me write code to print Fibonacci numbers from 1 to n using recursion,"[Tutor] It's great to hear that you're eager to practice and identify the issues on your own! Let's break down some key concepts related to your question about printing Fibonacci numbers using recursion.

1. **Recursion**: This is a technique where a function calls itself in order to solve a problem. In the context of Fibonacci numbers, you'll want to identify a base case to stop the recursion, as well as a recursive case that breaks the problem into smaller parts.

2. **Fibonacci Sequence**: This is a sequence where each number is the sum of the two preceding ones, usually starting with 0 and 1. For example, the sequence starts like this: 0, 1, 1, 2, 3, 5, 8, 13, and so on. 

3. **Function Definition**: You'll need to define a function that calculates the Fibonacci number for a given index. Think about what parameters this function will need and how it will relate to recursive calls.

4. **Printing Values**: Since you want to print Fibonacci numbers from 1 to n, consider how you will manage the output. Will you print each number as you compute it, or will you collect them in a list and print them all at once?

Now, with these concepts in mind, how would you approach writing the base case for your recursive function? What condition would indicate that the recursion should stop?",2024-08-30 19:09:46,Thread,,1260259720376356887,1259934783480533103,1279216503408955392
TXA485045,Introduction to programming,<@1260253288373293078> Help me print Fibonacci numbers,"[Tutor] Itâ€™s great to hear that you want to practice and identify the issues on your own! Letâ€™s break down some key coding concepts related to printing Fibonacci numbers:

1. **Fibonacci Sequence**: This is a series of numbers where the next number is found by adding up the two numbers before it. It typically starts with 0 and 1.

2. **Loops**: You will likely need a loop (such as a `for` or `while` loop) to iterate through the sequence and print each Fibonacci number.

3. **Variables**: Youâ€™ll need variables to keep track of the current Fibonacci numbers. Think about how you might store the last two Fibonacci numbers to calculate the next one.

4. **Conditionals**: You might want to use conditional statements if you want to limit how many Fibonacci numbers to print or to check if the sequence is being generated correctly.

Now, letâ€™s guide you on how to structure your approach:

- **Step 1**: Start by defining what the first two Fibonacci numbers are. How would you initialize these in your program?

- **Step 2**: Consider how many Fibonacci numbers you want to generate. How can you use a loop to control this?

- **Step 3**: Inside the loop, think about how you can calculate the next Fibonacci number using the last two numbers. What operations will you need to perform?

- **Step 4**: Finally, think about how you will print the numbers. Where in your loop would you include the print statement?

By thinking through these steps, you will be able to construct your solution effectively. What do you think your first step will be?",2024-08-30 19:10:44,Thread,,1260259720376356887,1259934783480533103,1279216748373213214
VMY340566,Introduction to programming,Can you give me a base template so that I can fill in all the details?,"[Tutor] I appreciate your desire to practice and develop your skills independently! Letâ€™s focus on creating a structure or template that you can fill in with your own logic and code.

Here are some key coding concepts that we'll include in our template:

1. **Function Definition**: Consider whether you want to create a function to encapsulate the logic for generating Fibonacci numbers. This will help in organizing your code.

2. **Loop Structure**: Think about how you'll set up your loop. It could be a `for` loop if you know how many numbers you want to generate, or a `while` loop if you're working until a certain condition is met.

3. **Variables**: Youâ€™ll need to define variables to hold the current Fibonacci numbers. This might include initializing the first two numbers and then updating them as you generate the sequence.

4. **Printing**: You should have a strategy for displaying the Fibonacci numbers as they are generated.

Hereâ€™s a structured outline you can use as a base template:

```python
# Step 1: Define a function (optional)
def generate_fibonacci(n):
    # Step 2: Initialize the first two Fibonacci numbers
    first = 0  # Initialize the first Fibonacci number
    second = 1  # Initialize the second Fibonacci number
    
    # Step 3: Use a loop to generate the sequence
    for i in range(n):  # Loop n times (or another condition)
        # Step 4: Print the current Fibonacci number
        print(first)  # Print the current number
        
        # Step 5: Calculate the next Fibonacci number
        next_number = first + second  # Calculate the next number
        
        # Step 6: Update the variables for the next iteration
        first = second  # Move to the next number in the sequence
        second = next_number  # Update to the new next number

# Call the function with a specific number of Fibonacci numbers to generate
generate_fibonacci(10)  # Replace 10 with your desired count
```

Now, letâ€™s discuss how you might fill in this template:

- **Function or Not**: Do you want to encapsulate your Fibonacci logic in a function? Why might that be useful?
  
- **Loop Control**: How would you decide the value of `n` in the loop? What if you want to generate Fibonacci numbers until you reach a certain value instead of a count?

- **Variable Initialization**: Are there other ways you can store or manage your Fibonacci numbers aside from just two variables?

- **Output Formatting**: Would you like to format the output in a specific way? How can you adjust your print statement accordingly?

By reflecting on these questions, you will be able to fill in the details of your template effectively. What part of the template do you think you want to work on first?",2024-08-30 19:11:25,Thread,,1279216748373213214,1259934783480533103,1279216904699121707
SRI239111,Introduction to programming,"I asked you not to give me the entire code, but you gave me the direct code.","[Tutor] I appreciate your feedback and understand your desire to practice problem-solving. Let's focus on guiding you rather than providing direct solutions. 

To help you structure your thoughts and approach, let's revisit the key concepts we discussed earlier, and Iâ€™ll pose some questions that will help you think critically about your implementation:

1. **Function Definition**: Instead of giving you a function, can you think of a scenario where wrapping your Fibonacci logic in a function might be beneficial? What would you name this function, and what arguments might it take?

2. **Loop Structure**: How would you determine how many Fibonacci numbers to generate? Would you prefer to use a fixed number or a condition that changes during execution? What kind of loop do you believe would be best suited for your needs?

3. **Variable Management**: If you were to manage your Fibonacci numbers using just two variables, what would those variables represent? How would you update their values as you progress through the sequence without losing track of the earlier numbers?

4. **Printing Output**: Instead of printing numbers directly, how might you format your output for better readability? Would you want to print them all on one line, or would you prefer each number on a new line?

By reflecting on these questions, you can create a plan for your implementation while honing your problem-solving skills. Which question resonates with you the most, and how might you start addressing that aspect?",2024-08-30 19:12:30,Thread,,1279216748373213214,1259934783480533103,1279217192197558303
QEP991556,Introduction to programming,<@1260253288373293078> Can you give me the starting code template for me to get started for the above question,"[Tutor] It's great to hear that you're eager to practice identifying the issues on your own! Let's break down some key concepts that will help you as you create your code template for an introduction to programming.

1. **Code Structure**: Understanding how to organize your code is fundamental. This includes knowing how to define functions, use conditionals (like if-statements), and create loops (like for and while loops).

2. **Variables**: These are used to store data that your program can manipulate. Think about what kind of data you might need to store for your project.

3. **Input and Output**: How will your program receive data from the user? And how will it display results? Consider using functions like `input()` for gathering input and `print()` for outputting results.

4. **Comments**: Commenting your code is crucial for readability. It helps you (and others) understand what each part of the code is intended to do.

5. **Error Handling**: It's important to think about how your program will handle unexpected inputs or situations. This will make your code more robust.

Now, instead of providing a code template, let's reflect on what you want to accomplish. What kind of program are you aiming to write, and what specific features or functions do you think you should include in your starting code? This will help you frame the structure and elements you need to consider.",2024-08-30 19:13:05,Thread,,1260259720376356887,1259934783480533103,1279217340810006568
DRF223123,Introduction to programming,Help me write code to print Fibonacci numbers from 1 to n using recursion. Give me the starter code template.,"[Tutor] Let's identify and define some key coding concepts related to your request for printing Fibonacci numbers using recursion:

1. **Recursion**: This is a programming technique where a function calls itself in order to solve smaller instances of the same problem. In the case of Fibonacci numbers, the function will need to call itself to compute the Fibonacci value for previous numbers.

2. **Base Case**: In recursion, the base case is a condition under which the function will stop calling itself. It's crucial to prevent infinite recursion and eventually return a value.

3. **Function Parameters**: These are variables that allow you to pass information into your function. In this context, you would likely need a parameter to specify the maximum number \( n \) up to which you want to print Fibonacci numbers.

4. **Printing Output**: You will need to use a method to display the Fibonacci numbers as they are computed, which could involve the `print()` function.

Now, letâ€™s explore some guiding questions to help you think through the process of creating your Fibonacci function:

1. **Understanding Recursion**: What is the recursive relationship that defines the Fibonacci sequence? How would you express this relationship in your function?

2. **Base Cases**: What are the simplest cases for Fibonacci that you need to handle directly to prevent infinite recursion? Can you identify what the first two Fibonacci numbers are?

3. **Iterating Through Numbers**: If you're printing Fibonacci numbers from 1 to \( n \), how will you manage the recursion to ensure that you only print numbers within that range?

4. **Return Values**: If your function is designed to print Fibonacci numbers, does it need to return any values? What would be the implication if the function didn't return anything?

5. **Recursive Calls**: How many recursive calls will your function need to make to calculate the Fibonacci number for a given \( n \)? How can you structure these calls to both compute and print each Fibonacci number?

Take some time to reflect on these questions and see how they guide your coding process. What insights do you have about structuring your Fibonacci function based on this discussion?",2024-08-30 19:14:16,Direct Message,,,1259934783480533103,1279217634273001516
FAT285490,Introduction to programming,Please give me starting snippet,"[Tutor] I appreciate your commitment to practicing and identifying issues on your own! Let's focus on how you can start structuring your Fibonacci function without providing a specific code snippet. Instead, I will guide you through the essential components you'll need.

1. **Function Definition**: How will you define your function? Consider using a name that reflects its purpose, such as `print_fibonacci`.

2. **Parameters**: What parameter will you need for your function? Think about how you'll specify the upper limit \( n \) for which you want to print Fibonacci numbers.

3. **Base Case**: What are the simplest Fibonacci numbers? Can you identify the first two numbers in the sequence that your function should return or print directly?

4. **Recursive Case**: How will you express the Fibonacci relationship for numbers greater than your base cases? Remember that each Fibonacci number is the sum of the two preceding ones.

5. **Printing Logic**: As you compute each Fibonacci number, how will you incorporate the printing functionality? Will you print each number as it is computed, or will you collect them in a list and print them afterward?

6. **Recursive Calls**: How will you manage the recursion? Think about how your function will call itself with appropriate arguments to calculate the Fibonacci numbers.

Consider these components and start piecing together your function. If you're feeling stuck on any part, reflect on the questions I've posed, and let me know where you might need more guidance! What have you come up with so far?",2024-08-30 19:14:50,Direct Message,,,1259934783480533103,1279217780847153234
WLI570809,Introduction to programming,"Can you give me base code template, so that I fill the blanks. This way I can learn recursion easily.","[Tutor] I admire your desire to learn and practice coding independently! Instead of providing a complete base code template, Iâ€™ll help you outline a structure with placeholders where you can fill in the blanks. This will encourage you to think critically about the recursion concept.

Here's how you can structure your function:

```python
def print_fibonacci(n):
    # Base case: What should your function return or print for the first two Fibonacci numbers?
    if ___:
        return ___  # Fill in what the function should return for the base case

    # Recursive case: How will you express the Fibonacci relationship?
    else:
        # Calculate the Fibonacci number for the current index
        current_fib = ___ + ___  # Fill in the recursive calls to get the previous two Fibonacci numbers
        # Print the current Fibonacci number
        print(current_fib)
        
        # Call the function recursively to handle the next Fibonacci number
        print_fibonacci(____)  # Fill in what argument you need to pass for the next recursive call

# Call your function with an initial value
print_fibonacci(____)  # Fill in the starting number (e.g., a limit n)
```

Now, letâ€™s think through a few guiding questions to help you fill in these blanks:

1. **Base Case**: What condition will you check in your base case to handle the smallest Fibonacci numbers? What values will you return or print for these cases?

2. **Recursive Calculation**: How do you express the Fibonacci relationship? If `fib(n)` is the Fibonacci number at position `n`, how does it relate to `fib(n-1)` and `fib(n-2)`?

3. **Printing**: At what point in your function will you print the current Fibonacci number? How do you ensure that you print numbers leading up to `n`?

4. **Recursive Call**: What argument do you need to pass to your recursive call to move to the next Fibonacci number? How does this relate to your current position in the sequence?

5. **Initial Call**: When you first call your function, what value do you want to start with for `n`?

Reflect on these questions as you fill in the blanks, and let me know what you come up with or if you have any other ideas! What insights are you gaining about recursion through this exercise?",2024-08-30 19:15:33,Direct Message,,,1259934783480533103,1279217948069986324
KZO649503,Introduction to programming,This is good.,"[Tutor] I'm glad to hear that you're finding this exercise helpful! It's great that you want to practice identifying issues on your own. Let's build upon that.

As you continue to work on your Fibonacci function, consider the following aspects that could lead to potential challenges or areas for improvement:

1. **Base Case Clarity**: Ensure that your base case is clearly defined. What specific condition will you check to determine when to stop the recursion? Think about the smallest Fibonacci numbers and how they should be handled.

2. **Recursive Function Logic**: When defining the recursive case, examine how you are calculating the current Fibonacci number. How are you using the results of previous calls? Ensure that your logic correctly reflects the Fibonacci relationship.

3. **Printing Sequence**: Reflect on when and where you are printing the Fibonacci numbers. Do you print them after calculating each number, or should you consider a different approach? How will this impact the output?

4. **Recursive Depth**: As you design your recursive calls, be aware of how many times your function will be invoked. Can you foresee any potential issues with deep recursion, especially for larger values of \( n \)?

5. **Function Arguments**: Think about the parameters you are passing in your recursive calls. Are you correctly modifying the arguments to ensure you are progressing through the sequence?

6. **Edge Cases**: Have you considered how your function will behave with edge cases, such as negative numbers or very small values of \( n \)? How will you handle these scenarios?

As you work through these aspects, try to document your thought process and any modifications you make to your function. This reflection will deepen your understanding of recursion.

What insights do you have so far from your attempts to tackle these considerations? If you encounter specific challenges, feel free to share them, and we can explore those together!",2024-08-30 19:15:45,Direct Message,,,1259934783480533103,1279218008685809829
MPX370841,Introduction to programming,Is this correct for knowing if the number is a fibonnaci number?,"[Tutor] Let's break down some key coding concepts related to your question about determining if a number is a Fibonacci number, even though the code snippet you've shared seems to be for checking if a number is even:

1. **Functions**: These are reusable blocks of code that perform a specific task. In your case, the function `isEven` checks if a number is even.

2. **Conditional Statements**: These allow you to execute different code based on whether a condition is true or false. In your function, you're using an `if` statement to check a condition.

3. **Return Statement**: This is used in functions to send back a value to the caller. In your snippet, it seems like you're missing a return value in the first condition.

4. **Modulo Operator**: The `%` operator calculates the remainder of division. It's often used in determining if a number is even or odd.

Now, let's reflect on your code snippet and explore some guiding questions to identify its correctness for checking Fibonacci numbers:

1. **Function Purpose**: Does your function `isEven` actually check for Fibonacci numbers? How would you redefine the function to meet the correct purpose?

2. **Base Condition**: In your function, what happens if the number is negative or zero? How should your function handle these cases to ensure correctness?

3. **Even Check Logic**: The condition `number % 2 == 1` checks if a number is odd, not even. What should this condition be to check if a number is even?

4. **Fibonacci Identification**: If your goal is to check if a number is a Fibonacci number, what mathematical properties or formulas could you use to determine that?

5. **Testing Your Function**: How would you structure tests to verify the correctness of your function? What specific Fibonacci numbers would you check against?

Take some time to reflect on these questions and see if you can identify areas for improvement in your approach to determining if a number is a Fibonacci number. What adjustments or new ideas do you have based on this discussion?",2024-08-30 19:16:18,Direct Message,https://cdn.discordapp.com/attachments/1260652839106121810/1279218137560121437/Screenshot_2024-08-25_at_12.21.22_PM.png?ex=66d3a43a&is=66d252ba&hm=5ca2d6a84909049ac9f50f5688b8535f1e1ad6f5e071215b755fa1fc075b2a8c&,,1259934783480533103,1279218137908121683
FQE783331,Introduction to programming,"I don't know, please help me","[Tutor] I commend your commitment to working through challenges independently! Let's delve deeper into the process of determining whether a number is a Fibonacci number. Instead of providing you with a direct solution, Iâ€™ll guide you through a series of questions and considerations that can help you clarify your understanding and arrive at a solution.

1. **Understanding Fibonacci Numbers**: Can you recall the definition and characteristics of Fibonacci numbers? What is the sequence, and how are Fibonacci numbers generated? This foundational knowledge will help you frame your approach.

2. **Mathematical Property**: There is a mathematical property that can be used to determine if a number is a Fibonacci number. Have you heard of it? Specifically, a number \( n \) is a Fibonacci number if and only if one or both of \( 5n^2 + 4 \) or \( 5n^2 - 4 \) is a perfect square. How do you think you could implement this in your function?

3. **Perfect Square Check**: To utilize the above property, you will need a way to check if a number is a perfect square. What method could you employ to check this? Can you think of a function that could determine if a number \( x \) is a perfect square?

4. **Function Design**: Now, think about how you would structure your function. What parameters will it take? Will it return a boolean value indicating whether the number is a Fibonacci number? Consider how you would define this function's input and output clearly.

5. **Edge Cases**: Have you thought about edge cases? For example, how will your function handle negative numbers or very small values? How might you structure your function to account for these scenarios?

6. **Testing Your Function**: Once you have a draft of your function, how will you test it? What specific Fibonacci numbers and non-Fibonacci numbers will you use for testing? This is a crucial step to ensure your function works as intended.

Reflect on these questions and see how they guide you in rethinking your approach to determining if a number is a Fibonacci number. If you find yourself stuck on any specific aspect, feel free to share your thoughts, and we can explore those together! What insights or ideas do you have after considering these points?",2024-08-30 19:16:57,Direct Message,,,1259934783480533103,1279218307169517634
SRK697374,Introduction to programming,"What is wrong in my code, please print my code and explain line by line, what is wrong with my code","[Tutor] Absolutely, it's great that you want to practice your debugging skills! Instead of printing your code directly, letâ€™s approach this by breaking down the main components and guiding you through some critical thinking questions. Please share your code snippet, and we can analyze it together with a focus on identifying potential issues.

Hereâ€™s a structured way to think about your code:

1. **Structure and Syntax**: 
   - Are all your brackets, parentheses, and indentation correct? Can you spot any syntax errors that might cause your code not to run?
   - Are the function definitions correct? Are you using the right keywords like `def` for defining functions?

2. **Variable Initialization**:
   - Have you initialized all your variables? Is there a chance you are using a variable that hasnâ€™t been defined yet? 

3. **Logic Flow**:
   - Walk through your code line by line. Does the logic make sense? Are there any parts that seem out of place or that donâ€™t follow the expected flow of execution?
   - Are there any conditions or loops that might not execute as you intended? 

4. **Edge Cases**:
   - Have you considered how your code behaves with edge cases? For example, what happens if the input is negative or zero? Does your code handle these situations appropriately?

5. **Output Verification**:
   - If your code produces output, is it what you expected? How do you plan to validate that the output is correct?
   - Are you using print statements effectively to debug and track the values of variables at different points in your code?

6. **Functionality Check**:
   - Does your function return the expected value? If not, what could be the root cause of that? Think about the return statements you are using.

By reflecting on these questions, you may start to uncover the issues in your code. Once you provide your code snippet, we can apply these questions to your specific situation. What do you think?",2024-08-30 19:17:30,Direct Message,,,1259934783480533103,1279218446810349651
CUF724835,Introduction to programming,Anyway I'm too dumb to solve the problem. Please give me the code.,"[Tutor] I'm glad to see your determination to practice and improve your coding skills! Remember, every programmer encounters challenges, and it's through tackling these issues that we grow. Let's use this moment as an opportunity to reflect on your feelings and your learning process.

Firstly, it's important to recognize that feeling overwhelmed or frustrated doesn't mean you're ""dumb."" Programming can be complicated, and you're already taking steps to deepen your understanding by asking questions and seeking guidance.

Now, let's focus on how you can approach the problem systematically. Here are some guiding questions and strategies to help you work through the issues in your code without giving you the exact solution:

1. **Self-Assessment**: Reflect on the aspects of the problem that you find most challenging. Are there specific concepts (like recursion, loops, or conditional statements) that you feel less confident about? Identifying these areas can help you focus your practice.

2. **Break Down the Problem**: Instead of looking at the entire code snippet, try to break it down into smaller parts. What does each function or line of code aim to accomplish? How does each part contribute to the overall goal of determining if a number is a Fibonacci number?

3. **Review Your Logic**: Go through your logic step by step. Does each part of your code align with the definition of Fibonacci numbers? For example, how do you generate Fibonacci numbers? How does your code reflect the mathematical properties of Fibonacci numbers?

4. **Debugging Techniques**: Use print statements strategically to track the flow of your program. What values are being passed into your functions? What are the outputs at different stages? This can help you identify where things might be going wrong.

5. **Seek Patterns**: As you analyze your code, look for patterns or common mistakes. Are there typical errors you make that you can learn from? For instance, are you consistently misplacing a return statement or misusing a conditional?

6. **Utilize Resources**: Donâ€™t hesitate to look up concepts that are confusing. Sometimes a quick reference or tutorial can clarify an idea that seems daunting. 

7. **Practice with Examples**: Create a few test cases with known outputs. What should your function return for these cases? Working with concrete examples can help you see if your logic holds up.

By taking a structured approach to your coding problems, you can build your confidence and skills over time. I encourage you to share your code snippet, and we can work through these questions together to identify areas for improvement. Remember, learning to code is a journey, and every step you take is valuable. What specific part of your code would you like to discuss first?",2024-08-30 19:18:11,Direct Message,,,1259934783480533103,1279218615627026494
HHK838592,Introduction to programming,"Okay, drop some hints in the code.","[Tutor] I appreciate your willingness to engage with the material and practice your problem-solving skills! Let's work together on your code by focusing on hints rather than direct solutions. 

To guide you effectively, it would be helpful if you could share the specific parts of your code that you're struggling with. This way, I can tailor my hints to your needs. Meanwhile, here are some general hints that you can apply to common coding issues:

1. **Check Your Syntax**: 
   - Look closely at your code for any typos or misplaced symbols (like commas, colons, or parentheses). 
   - Ensure all your functions are properly defined and that youâ€™re using the correct syntax for any loops or conditionals.

2. **Flow of Logic**:
   - Review the sequence of operations in your code. Are you following the correct order of execution? 
   - If you're using loops, are they set up to iterate through the numbers or values you need to analyze?

3. **Variable Usage**:
   - Are all your variables initialized before you use them? 
   - Check if you're modifying a variable unintentionally. Could that affect your results?

4. **Conditionals**:
   - If youâ€™re using `if` statements, are all the conditions you expect to check included? 
   - Consider whether the logic in your conditions truly reflects the requirements of determining if a number is a Fibonacci number.

5. **Edge Cases**:
   - Think about how your code handles edge cases, such as negative numbers or very small inputs. 
   - Have you included checks for these scenarios?

6. **Testing Outputs**:
   - If you have print statements, ensure they are placed at strategic points to give you insight into variable values at critical stages. 
   - What do your outputs tell you about the state of your program?

7. **Refactoring**:
   - If a part of your code feels overly complicated or hard to read, consider breaking it down into smaller functions. 
   - This can often help clarify your logic and make debugging easier.

Now, if you feel comfortable sharing a specific snippet or a particular section of your code, we can dive deeper into applying these hints directly to your situation. What part would you like to focus on first?",2024-08-30 19:18:38,Direct Message,,,1259934783480533103,1279218735827390576
HDV774096,Introduction to programming,"I don't get, whare are we both doing?","[Tutor] It's fantastic that you're eager to practice identifying issues in your code on your own! This approach not only enhances your problem-solving skills but also builds your confidence as a programmer. Letâ€™s clarify what weâ€™re doing and how you can approach this effectively.

1. **Understanding the Process**: 
   - Weâ€™re engaging in a reflective process. By discussing your code and the challenges you're facing, we can explore the concepts behind programming and debugging without giving direct answers. 
   - This method helps you think critically about your work, encouraging you to arrive at solutions independently.

2. **Identifying Issues**:
   - You can think of your code as a puzzle. Each part of your code should fit together logically to achieve the desired outcome. 
   - By breaking down the code, we can pinpoint where things might not be aligning. What specific areas do you feel are confusing? 

3. **Self-Discovery**:
   - As you analyze your code, consider asking yourself questions about each line or block of code: What is this supposed to do? Does it follow the rules of programming, such as syntax and logic?
   - When you encounter a problem, instead of looking for a solution right away, try to understand why itâ€™s happening. What is the expected behavior, and how does your current code differ from that?

4. **Practice and Application**:
   - If you have specific parts of the code that you find confusing or problematic, share those with me. We can discuss them, and I can guide you on how to evaluate and improve them.
   - Remember, the goal is to reinforce your understanding and develop strategies for troubleshooting in the future.

5. **Reflect on Learning**:
   - After we discuss your code, take some time to reflect on what youâ€™ve learned. What strategies worked for you? What areas do you want to explore further?

In essence, weâ€™re collaborating to enhance your understanding and ability to navigate programming challenges. What specific part of your code would you like to start with, or what concept do you feel uncertain about? This will help us focus our discussion and make it as beneficial as possible for your learning journey!",2024-08-30 19:19:06,Direct Message,,,1259934783480533103,1279218848108908658
GVU314003,Introduction to programming,<@1260253288373293078>  Can you give me the starting code template for me to get started for the above question please.,"[Tutor] It's great to see your enthusiasm for programming! Let's break down some key concepts that might be helpful for your starting code template.

1. **Programming Concepts**: 
   - **Variables**: These are used to store data values. In Python, you can assign values to variables using the equals sign (`=`).
   - **Data Types**: Understanding the basic data types (such as integers, floats, strings, and booleans) is crucial as they define what kind of data you are working with.
   - **Control Structures**: This includes conditionals (`if`, `elif`, `else`) which allow you to execute certain pieces of code based on specific conditions.
   - **Loops**: `for` and `while` loops allow you to repeat a block of code multiple times, which is very useful for tasks that require repetition.
   - **Functions**: Functions are blocks of reusable code that perform a specific task. They can take inputs (parameters) and return outputs.

With these concepts in mind, I encourage you to think about what your program needs to do and how you might structure it. 

Hereâ€™s how you might start thinking about your code template:

- **Start with Imports**: If you need any libraries, you'd typically start by importing them.
- **Define Functions**: Consider what functions you will need for your program. What tasks will they perform?
- **Main Code Execution**: Think about how you will control the flow of your program. Will you use a `main()` function?
- **Input and Output**: How will you get input from the user? How will you display the output?

Now, how do you think you could structure your code based on these concepts? What might be the first thing to write down?",2024-08-30 19:20:00,Thread,,1260259720376356887,1259934783480533103,1279219082494873640
DTK643427,Introduction to programming,<@1260253288373293078> Help me write code to print Fibonacci numbers from 1 to n using recursion,"[Tutor] Certainly! Let's break down your request into key coding concepts first:

1. **Fibonacci Sequence**: This is a series where each number is the sum of the two preceding ones, typically starting with 0 and 1. However, you mentioned printing from 1 to n, so we may need to adjust the starting point based on your requirements.

2. **Recursion**: This is a programming technique where a function calls itself in order to solve smaller instances of the same problem. It's important to define a base case to stop the recursion and prevent it from running indefinitely.

3. **Function Definition**: In Python, you define a function using the `def` keyword, which will be essential for creating your recursive function.

4. **Control Structures**: You will likely need if statements to handle the base case and the recursive case within your function.

Now, considering these concepts, let's explore how you might approach writing this code:

1. **Identify the Base Case**: What condition will you use to stop the recursion? For Fibonacci, when should the function return a value without calling itself again?

2. **Define the Recursive Case**: How will you express the relationship that defines the Fibonacci sequence in your function? What will the function return when it calls itself with different arguments?

3. **Iterating to Print Values**: Since you want to print Fibonacci numbers up to n, how might you incorporate a loop or a way to generate multiple Fibonacci numbers sequentially?

4. **Consider Input Parameters**: What parameters will your function take? How will you ensure the function can handle the range from 1 to n?

Think about these questions and try to sketch out your function's structure. What do you think your function's signature might look like, and how will you manage the recursion?",2024-08-30 19:20:31,Thread,,1260259720376356887,1259934783480533103,1279219209016053891
HOX506886,Introduction to programming,<@1260253288373293078> Help me write code to print Fibonacci numbers from 1 to n using recursion please.,"[Tutor] It's great that you're eager to practice and learn how to tackle problems on your own! Let's break down some key concepts that will help you in writing the code to print Fibonacci numbers using recursion.

1. **Recursion**: This is a programming technique where a function calls itself to solve smaller instances of the same problem. In your case, you would need a recursive function that calculates Fibonacci numbers.

2. **Fibonacci Sequence**: This sequence starts with 0 and 1, and every subsequent number is the sum of the two preceding ones. The sequence typically looks like this: 0, 1, 1, 2, 3, 5, 8, 13, etc. How do you think you could represent this relationship in your recursive function?

3. **Base Case**: In recursion, it's crucial to have a base case that stops the recursion. For Fibonacci, what do you think would be an appropriate base case to prevent infinite recursion?

4. **Function Arguments**: You will need to think about how to pass the current number in the Fibonacci sequence to your recursive function. What parameters might you need?

5. **Printing vs. Returning Values**: Consider whether you want your function to print the Fibonacci numbers directly or return them so that you can print them afterward. How might that affect your function design?

Now, with these concepts in mind, can you outline how you would structure your recursive function? What steps do you think you would need to take to ensure it works correctly for any value of `n`?",2024-08-30 19:20:58,Thread,,1260259720376356887,1259934783480533103,1279219324535701514
QBJ958614,Introduction to programming,<@1260253288373293078> Help me write code to print Fibonacci numbers from 1 to n using recursion,"[Tutor] Great to hear that you're eager to practice and identify the issues on your own! Let's break down the key concepts relevant to your question about printing Fibonacci numbers using recursion.

1. **Recursion**: This is a programming technique where a function calls itself in order to solve a problem. It's important to define a base case to stop the recursion and to ensure that each recursive call progresses toward this base case.

2. **Fibonacci Sequence**: This is a series of numbers where each number is the sum of the two preceding ones, usually starting with 0 and 1. The sequence goes: 0, 1, 1, 2, 3, 5, 8, and so on. 

3. **Function Definition**: You will need to create a function that calculates Fibonacci numbers. Think about how you can define this function to handle both the base cases and the recursive case.

4. **Looping or Iteration**: Since you want to print Fibonacci numbers from 1 to n, consider how you might loop through the numbers from 1 to n to call your recursive function for each value. 

Now, with these concepts in mind, let me ask you: 

- What do you think would be a good base case for your recursive function? 
- How will your function handle the input to ensure it calculates the Fibonacci number correctly?
- Once you have your Fibonacci function working, how might you implement a loop to print the Fibonacci numbers up to n? 

Take some time to think about these questions, and try to sketch out how your code might look!",2024-08-30 19:36:18,Thread,,1260259720376356887,1259934783480533103,1279223177913831496
RDC229688,Introduction to programming,<@1260253288373293078> Hello,"[Tutor] It's great to hear that you're eager to practice identifying issues in your programming journey! Let's break down some key concepts related to your introduction to programming that will help you navigate through any problems you encounter.

1. **Variables**: These are used to store information that can be referenced and manipulated in a program. Understanding how to declare and use variables is fundamental.

2. **Data Types**: Different types of data (like integers, strings, and booleans) are crucial for programming. Recognizing which data type to use in different scenarios can prevent errors.

3. **Control Structures**: These include conditionals (like if-else statements) and loops (for and while loops), which control the flow of your program. They allow you to execute different code based on certain conditions or to repeat actions.

4. **Functions**: Functions are blocks of reusable code that perform a specific task. Being able to define and call functions is essential for structuring your programs effectively.

5. **Debugging**: This is the process of identifying and fixing errors in your code. Familiarity with common errors and debugging techniques will empower you to resolve issues on your own.

Now, think about what specific programming concepts you might be grappling with. What kind of issues do you find yourself encountering most often? Are there particular topics you feel less confident about? Reflecting on these questions can help you pinpoint areas for improvement and guide your practice effectively.",2024-08-30 19:37:44,Thread,,1260259720376356887,1259934783480533103,1279223544005525615
TNQ902478,Introduction to programming,<@1260253288373293078> Hello,"[Duck] Quack! 

Welcome to the world of programming! To start, itâ€™s important to understand some key concepts. When you mention ""introduction to programming,"" it often involves understanding basic elements such as variables, data types, control structures (like loops and conditionals), and functions.

Could you clarify what specifically you are trying to learn or what problem you are facing? For instance, are you curious about how to write a simple program, or are you looking to understand a particular concept? This will help guide the discussion effectively!",2024-08-30 19:43:41,Thread,,1260259720376356887,1259934783480533103,1279225047885545618
PNZ548582,Introduction to programming,Is python a compiled langugage?,"[duck] quack! 

It's great to see interest in understanding the nature of programming languages, specifically Python! To address your question, let's first clarify some key concepts: 

1. **Compiled Language**: This refers to a programming language that is transformed from source code (the code you write) into machine code (the code the computer understands) before it is executed. This transformation is done by a compiler.

2. **Interpreted Language**: In contrast, an interpreted language executes the code line by line, translating it on the fly, often making it easier to debug but sometimes slower in execution.

Now, Python is often described as an **interpreted language** because it reads and executes code directly at runtime. However, it's also worth noting that Python uses a compilation step to convert the code into bytecode, which is then interpreted by the Python virtual machine.

To deepen your understanding, think of it like this: If writing a novel is like writing source code, a compiled language would be akin to turning that novel into a movie before anyone sees it, whereas an interpreted language allows readers to experience the novel as it is being written.

What are your thoughts on this distinction? Are you interested in how Python's interpretation affects programming practices, or do you have another aspect you want to explore?",2024-08-30 19:44:45,Thread,,1279225047885545618,1259934783480533103,1279225300412010497
DRC348723,Introduction to programming,Can you give me some basic code sinppets as exercices so that I fill them in and you can rate me basic python knowldege. Give me 10 such questions.,"[duck] quack!

it's wonderful to see a desire to practice and improve programming skills! before diving into exercises, let's clarify a few important concepts that will be helpful as you work through them:

1. **variables**: these are used to store data values. think of them as labeled boxes where you can keep things like numbers or text.

2. **data types**: these refer to the kind of data a variable can hold, such as integers, strings (text), or lists (a collection of items).

3. **functions**: these are blocks of code that perform a specific task and can be reused throughout your code, much like a recipe that you can follow multiple times.

4. **control structures**: these include conditionals (if statements) and loops (for and while loops) that control the flow of your program.

with these concepts in mind, here are 10 exercises for you to fill in. each one will prompt you to use different programming concepts:

1. **Variable Assignment**: 
   ```python
   my_number = ___  # Assign a number to this variable
   ```

2. **String Concatenation**: 
   ```python
   first_name = ""John""
   last_name = ""Doe""
   full_name = first_name + ___  # Fill in the blank to create a full name
   ```

3. **Basic Function**: 
   ```python
   def greet(name):
       return ""Hello, "" + ___  # Fill in the blank to return a greeting
   ```

4. **If Statement**: 
   ```python
   age = 18
   if age >= 18:
       print(""You are an ___ adult."")  # Fill in the blank with an appropriate word
   ```

5. **For Loop**: 
   ```python
   for i in range(5):
       print(""This is loop iteration number ___"")  # Fill in the blank with the loop variable
   ```

6. **List Creation**: 
   ```python
   fruits = [""apple"", ""banana"", ___]  # Fill in the blank with another fruit
   ```

7. **List Access**: 
   ```python
   fruits = [""apple"", ""banana"", ""cherry""]
   second_fruit = fruits[1]
   print(""The second fruit is ___"")  # Fill in the blank with the variable name
   ```

8. **While Loop**: 
   ```python
   count = 0
   while count < 5:
       print(count)
       count += 1  # What does this line do? Fill in the blank with a description.
   ```

9. **Function Call**: 
   ```python
   def add_numbers(a, b):
       return a + b

   result = add_numbers(5, ___)  # Fill in the blank with a number to add
   ```

10. **Dictionary Creation**: 
    ```python
    student = {""name"": ""Alice"", ""age"": ___}  # Fill in the blank with a number
    ```

after you fill these in, reflect on what each exercise was trying to teach you. once complete, feel free to share your answers, and it will be possible to discuss your understanding further! what concepts do you think will be most challenging, or do you have any specific questions about how to approach these exercises?",2024-08-30 19:46:03,Thread,,1279225047885545618,1259934783480533103,1279225613206687818
MJZ830406,Introduction to programming,<@1260253288373293078> Can you answer the above questions?,"[Duck] Quack! 

It seems the request is related to an introduction to programming, but it's essential to clarify the specific questions being asked. What particular programming concepts or problems are you interested in exploring? 

In programming, there are several foundational concepts to consider, such as:

1. **Variables**: Think of these as containers that store information. Just as a box can hold different items, variables can hold different types of data, like numbers or text.

2. **Control Structures**: These are like traffic signs that direct the flow of a program. They include loops (which repeat actions) and conditionals (which make decisions based on certain conditions).

3. **Functions**: Consider these as recipes; they group a set of instructions that can be reused. Just like following a recipe can help you make a dish without having to remember all the steps each time, functions allow you to execute a block of code whenever needed.

4. **Data Types**: These are the different kinds of values that can be stored in variables, such as integers (whole numbers), strings (text), and booleans (true/false values). It's like having different kinds of fruit; each has its own characteristics.

What specific area or question would you like to dive into? Quack!",2024-08-30 19:46:26,Thread,,1260259720376356887,1259934783480533103,1279225736657633301
